{"playback_info": {"start_time": 1762039204.616687, "end_time": null, "initial_buffering_duration": 0.12930727005004883, "interruptions": {"count": 0, "events": [], "total_duration": 0}, "up_shifts": 18, "down_shifts": 7}, "playback_type": "basic", "video_metadata": {"mpd_file": "BigBuckBunny_4s.mpd", "playback_duration": 596.46, "available_bitrates": [45226, 88783, 128503, 177437, 217761, 255865, 323047, 378355, 509091, 577751, 782553, 1008699, 1207152, 1473801, 2087347, 2409742, 2944291, 3340509, 3613836, 3936261]}, "segment_info": [["BigBuckBunny_4s_init.mp4", 45226, 877, 0.07386656100061373], ["BigBuckBunny_4s1.m4s", 88783.0, 43062, 0.41579645999809145], ["BigBuckBunny_4s2.m4s", 128503.0, 69162, 0.6545837659978133], ["BigBuckBunny_4s3.m4s", 177437.0, 99254, 0.9826987160013232], ["BigBuckBunny_4s4.m4s", 217761.0, 118638, 1.4022297470000922], ["BigBuckBunny_4s5.m4s", 255865.0, 110936, 0.9419302649985184], ["BigBuckBunny_4s6.m4s", 323047.0, 105488, 1.037278329997207], ["BigBuckBunny_4s7.m4s", 378355.0, 241936, 2.292788136001036], ["BigBuckBunny_4s8.m4s", 509091.0, 288784, 2.694046022999828], ["BigBuckBunny_4s9.m4s", 577751.0, 311430, 3.008225695000874], ["BigBuckBunny_4s10.m4s", 782553.0, 425152, 4.378284234997409], ["BigBuckBunny_4s11.m4s", 577751.0, 339926, 3.4545528419985203], ["BigBuckBunny_4s12.m4s", 782553.0, 444517, 4.271057425001345], ["BigBuckBunny_4s13.m4s", 577751.0, 341359, 3.620104199002526], ["BigBuckBunny_4s14.m4s", 782553.0, 434701, 4.343473850000009], ["BigBuckBunny_4s15.m4s", 577751.0, 170551, 1.8520737340004416], ["BigBuckBunny_4s16.m4s", 782553.0, 347957, 3.751774470001692], ["BigBuckBunny_4s17.m4s", 577751.0, 292379, 4.2764897570014], ["BigBuckBunny_4s18.m4s", 782553.0, 374615, 4.931477488000382], ["BigBuckBunny_4s19.m4s", 509091.0, 240154, 3.550376122999296], ["BigBuckBunny_4s20.m4s", 577751.0, 335373, 4.511041536999983], ["BigBuckBunny_4s21.m4s", 378355.0, 227873, 2.228992960001051], ["BigBuckBunny_4s22.m4s", 509091.0, 199081, 1.8367948030027037], ["BigBuckBunny_4s23.m4s", 577751.0, 217385, 2.139000761002535], ["BigBuckBunny_4s24.m4s", 509091.0, 173402, 2.0244912529997237], ["BigBuckBunny_4s25.m4s", 577751.0, 191260, 1.9897093100007623]]}